participant_id	age	sex
sub-AgoBurn	n/a	n/a
sub-AgoHake	n/a	n/a
sub-ArcoWeb	n/a	n/a
sub-AridWar	n/a	n/a
sub-AuldEve	n/a	n/a
sub-AvidJar	n/a	n/a
sub-AzoAgon	n/a	n/a
sub-BoneSip	n/a	n/a
sub-BossBob	n/a	n/a
sub-BossRip	n/a	n/a
sub-CalmJib	n/a	n/a
sub-CampHum	n/a	n/a
sub-CampOhm	n/a	n/a
sub-DearSop	n/a	n/a
sub-DryGear	n/a	n/a
sub-DrySolo	n/a	n/a
sub-EpicAwl	n/a	n/a
sub-EpicOla	n/a	n/a
sub-EvenBox	n/a	n/a
sub-EyedEgo	n/a	n/a
sub-FarTube	n/a	n/a
sub-FeyHeat	n/a	n/a
sub-FirmPhi	n/a	n/a
sub-FitHame	n/a	n/a
sub-FivePly	n/a	n/a
sub-FourSpy	n/a	n/a
sub-HeldSou	n/a	n/a
sub-HepBleu	n/a	n/a
sub-HepViol	n/a	n/a
sub-HewnMod	n/a	n/a
sub-HomeDye	n/a	n/a
sub-KindVow	n/a	n/a
sub-LaicTax	n/a	n/a
sub-LealOca	n/a	n/a
sub-LeanMud	n/a	n/a
sub-LessGob	n/a	n/a
sub-LessRim	n/a	n/a
sub-LiveRub	n/a	n/a
sub-LowAnna	n/a	n/a
sub-ManyAba	n/a	n/a
sub-ManyPug	n/a	n/a
sub-MidiHob	n/a	n/a
sub-ModCurd	n/a	n/a
sub-NeeStop	n/a	n/a
sub-NewTone	n/a	n/a
sub-OffCode	n/a	n/a
sub-OticNip	n/a	n/a
sub-PatPart	n/a	n/a
sub-PinkLug	n/a	n/a
sub-RareNit	n/a	n/a
sub-SafeOar	n/a	n/a
sub-SageSir	n/a	n/a
sub-SameDad	n/a	n/a
sub-ShyCorn	n/a	n/a
sub-ShyStag	n/a	n/a
sub-SkewWhy	n/a	n/a
sub-SoldGet	n/a	n/a
sub-SomeNip	n/a	n/a
sub-SourTun	n/a	n/a
sub-TenWays	n/a	n/a
sub-TiedFin	n/a	n/a
sub-TiedNit	n/a	n/a
sub-TornEra	n/a	n/a
sub-WanYogi	n/a	n/a
sub-WavyErg	n/a	n/a
sub-ZeroBud	n/a	n/a
